Support_Interactions_90d,Total_Customers,Churned_Customers,Avg_ARPU,Churn_Rate_Pct
0,90299,3580,114.96706674492519,3.96
1,108459,4330,115.07447164366258,3.99
2,65098,2596,115.13952102983194,3.99
3,26115,2013,114.96600842427723,7.71
4,7723,608,115.55182959989642,7.87
5,1872,136,115.0825908119658,7.26
6,365,28,115.51150684931505,7.67
7,64,11,109.66234375,17.19
8,5,1,120.68400000000001,20.0
