Region,Total_Customers,Churned_Customers,Avg_ARPU,Total_Annual_Revenue,Avg_Network_Score,Billing_Grievance_Rate,Churn_Rate_Pct,Revenue_At_Risk
Atlantic,36137,1613,115.13,49923716.88,8.46862265890905,26.87,4.46,2228456.0
Ontario,134552,5946,115.01,185701596.36,8.473240861119177,26.99,4.42,8206194.0
Quebec,23936,1066,115.3,33118962.0,8.47354638070144,27.26,4.45,1474918.0
West (BC/AB),105375,4678,115.04,145466781.12,8.471870510547925,26.68,4.44,6457885.0
